,product_name,ratings,sale_price,actual_price
0,"Acer Aspire 3 Laptop Intel Core Celeron N4500 Processor Laptop (8 GB LPDDR4X SDRAM/512 GB SSD/Win11 Home/38 WHR/HD Webcam) A325-45 with 39.63 cm (15.6"") HD Display",3.3,"20,990","33,999"
1,"Acer Aspire Lite 13th Gen Intel Core i3-1305U Thin and Light Premium Laptop (Windows 11 Home/8 GB RAM/512GB SSD/36 WHR) AL15-53 with 39.62cm (15.6"") Full HD Display",3.9,"31,990","50,990"
2,Dell [Smartchoice] Core i3-1215U,3.7,"33,990","48,692"
3,"Lenovo [Smart Choice Ideapad Gaming 3 Laptop AMD Ryzen 5 5500H 15.6"" (39.62Cm) Fhd IPS 300Nits 144Hz (8Gb/512Gb Ssd/Win11/Nvidia RTX 2050 4Gb/Alexa/3 Month Game Pass/Shadow Black/2.32Kg)",4.1,"45,990","77,990"
4,"Lenovo V14 Intel Core i5 12th Gen 14""(35.56cm) FHD (1920x1080) Antiglare 250 Nits Thin and Light Laptop (8GB RAM/512GB SSD/Windows 11 Pro/Iron Grey/1.43 kg)",5.0,"37,490","75,000"
5,Acer Aspire Lite 12th Gen Intel Core i5-1235U Thin and Light Laptop (Windows 11 Home/16GB RAM/512GB SSD/Intel Iris Xe Graphics) AL15-52,3.8,,
6,Lenovo V14 G3 (2024),5.0,"37,700","85,999"
7,ASUS Vivobook Go 15 (2023),3.8,"38,931","70,990"
8,MSI Thin 15,3.9,"42,990","67,990"
9,"Lenovo Yoga Slim 7 Intel Core Ultra 7 155H Built-in AI 14""(35.5cm) WUXGA-OLED 400Nits Laptop (32GB/1TB SSD/100% DCI-P3/FHD+IR Camera/Win11/MSO 21/1Yr ADP Free/3Mon. Game Pass/Grey/1.39Kg)",4.6,"1,07,990","1,46,890"
10,Lenovo IdeaPad Slim 3 13th Gen Intel Core i3 15.6 inch (39.6cm) FHD Laptop (8GB/512GB SSD/Windows 11/Office 2021/Alexa Built-in/1Yr ADP Free/3 Month Game Pass/Arctic Grey/1.62Kg),3.5,"38,490","65,790"
11,"Lenovo IdeaPad 3 12th Gen Intel Core i5-1235U 15.6"" (39.62cm) FHD Thin and Light Laptop (8GB/512GB SDD/Windows 11/Office 2021/Backlit/1Yr ADP Free/3months Game Pass/Arctic Grey/1.63Kg)",3.9,"46,690","91,890"
12,"CHUWI CoreBook X Pro Laptop 12thGen i5-12450H Processor 15.6"" Laptop with 16GB DDR4 RAM and 512GB SSD",3.7,"41,990","59,990"
13,HP Laptop 15s,4.0,"37,990","51,134"
14,ASUS Vivobook 15,3.7,"64,990","80,990"
15,HP Victus Gaming Laptop,3.9,"60,990","78,778"
16,HP Smartchoice Victus Gaming Laptop,3.9,"81,990","99,382"
17,"HP 15s Ryzen 5 (8GB RAM/512GB SSD/FHD/Windows 11/ MS Office/Backlit Keyboard/15.6""(39.6cm)/Silver/1.69 kg) eq2144AU Laptop  ",4.1,"36,990","60,959"
18,Dell {Smartchoice} G15-5530 Core i5-13450HX| NVIDIA RTX 3050,4.0,"72,990","1,05,398"
19,Acer Aspire 5 Gaming Laptop 13th Gen Intel Core i5 (Windows 11 Home/ 16 GB RAM/ 512 GB SSD/NVIDIA GeForce RTX 2050),4.0,"56,990","69,990"
20,"Acer Nitro 5 12th Gen Intel Core i5-12450H Gaming Laptop (16 GB RAM/512 GB SSD/RTX 3050 Graphics/144 Hz/RGB Backlit/Win11 Home) AN515-58 with 39.62 cm (15.6"") FHD IPS Display",4.3,"70,990","89,990"
21,HP Laptop 15s,3.7,"50,999","70,502"
22,ASUS Vivobook 15,3.9,"48,990","70,990"
23,HP Laptop 14s,3.8,"36,990","51,266"
24,HP 15s Core i5 12th Gen (16GB RAM/512GB SSD/FHD/MS Office 21 /Backlit Keyboard /15.6-inch (39.6 cm)/FHD/Windows 11/Silver/1.69 kg) fy5009TU Laptop  ,3.7,"52,990","62,417"
25,ASUS Vivobook Go 14,4.2,"29,790","50,990"
26,(Refurbished) Lenovo ThinkPad E470 7th Gen Intel Core i3 Thin & Light HD Laptop (8 GB RAM/256 GB SSD/14 (35.6 cm) HD/Windows 11/WiFi/Bluetooth/Webcam/Intel HD Graphics)  ,,"13,499","89,999"
27,HONOR MagicBook X16 Pro 2024,4.1,"44,990","78,999"
28,Apple 2024 MacBook Air 15″ Laptop with M3 chip: 38.91 cm (15.3″) Liquid Retina Display,4.3,"1,39,990","1,54,900"
29,"Lenovo V15 AMD Ryzen 7 7730U 15.6"" (39.62cm) FHD 250 Nits Antiglare Thin and Light Laptop (16GB/512GB SSD/DOS/Iron Grey/1.65 Kg)  ",4.4,"38,999","45,000"
30,Acer Aspire Lite 12th Gen Intel Core i5-12450H Thin and Light Laptop(Win11Home/12GB RAM/512GB SSD/Intel UHD Graphics/MSO)AL15-52H,3.8,"39,990","65,999"
31,"HP 15 Core i3 13th Gen (8GB RAM/512GB SSD/FHD/15.6"" (39.6 cm)/Windows 11/MS Office 21/Silver/1.59 kg) fd0006TU Laptop  ",4.0,"39,490","52,273"
32,Lenovo [Smartchoice LOQ 12th Gen Intel Core i5-12450HX /39.6cm/ 144Hz 300Nits FHD Gaming Laptop (16GB/512GB SSD/Win 11/ RTX 3050 6GB Graphics/100% sRGB/MSO 21/3 Mon Game Pass/Grey/2.4Kg),4.0,"66,190","95,890"
33,HP Pavilion Plus 14 Laptop,3.9,"68,990","82,929"
34,Dell Inspiron 3520 Laptop,1.0,"34,600","48,282"
35,HP Laptop 15s,4.1,"39,999","59,109"
36,HP Laptop 15s,4.0,"64,990","78,778"
37,HP Pavilion 14 12th Gen Intel Core i7 16GB SDRAM/1TB SSD 14 inch(35.6cm) FHD,4.1,"76,990","93,261"
38,ASUS TUF F17 Gaming Laptop,3.9,"48,990","75,990"
39,"Lenovo IdeaPad Slim 5 13th Gen Intel Core i5 13420H 14""(35.5cm) WUXGA IPS Laptop (16GB/512GB SSD/Win 11/MSO 21/Backlit KB/FHD Camera/1Yr ADP Free/Alexa/3 Month Game Pass/Cloud Grey/1.46Kg)",3.7,"65,190","91,790"
40,ZEBRONICS PRO Series Z NBC 5S,3.7,"37,990","78,999"
41,Lenovo IdeaPad Slim 3 Intel Core i7 12th Gen 15.6inch (39.62cm) FHD Thin & Light Laptop (8GB/512GB SSD/Windows 11/Office 2021/1Yr ADP Free/3months Game Pass/Grey/1.63Kg),3.8,"56,990","82,990"
42,Lenovo V15 G4 AMD Athlon Silver 7120U Laptop 8GB LPDDR5 Ram,4.0,"24,990","38,000"
43,Walker Thin & Light Laptop,3.6,"12,990","30,000"
44,"(Renewed) Lenovo ThinkPad T470 7th Gen Intel Core i5 Thin & Light HD Touchscreen Laptop (8 GB DDR4 RAM/256 GB SSD/14"" (35.6 cm) HD/Windows 11/MS Office/WiFi/Bluetooth 4.1/Webcam/Intel Graphics)  ",3.5,"16,499",
45,Acer Aspire Lite AMD Ryzen 5 5500U Premium Thin and Light Laptop (16 GB RAM/512 GB SSD/Windows 11 Home) AL15-41,3.9,"33,990","56,999"
46,"Acer Aspire 3 Laptop Intel Core Celeron N4500 Processor Laptop (8 GB LPDDR4X SDRAM/256 GB SSD/Win11 Home/38 WHR/HD Webcam) A325-45 with 39.63 cm (15.6"") HD Display",3.3,"19,990","30,999"
47,ASUS TUF Gaming F17 (2022) Intel Core i5-12500H Gaming Laptop,3.5,"68,290","1,05,990"
48,MSI Modern 14,,"36,990","55,990"
49,ASUS TUF F15 Gaming Laptop,3.9,"53,930","80,990"
50,Lenovo IdeaPad 3 12th Gen Intel Core i3-1215U 14 Inch (35.5cm) FHD Thin & Light Laptop (8GB/512GB SSD/Win 11/Office 2021/1Yr ADP Free/3months Game Pass/Arctic Grey/1.43Kg),4.0,"33,990","55,190"
51,"Lenovo IdeaPad Slim 5 Intel Core Ultra 5 125H Built-in AI 16"" (40.6cm) WUXGA-IPS 300Nit Thin & Light Laptop (16GB/1TB SSD/Win 11/MSO 21/FHD+IR Cam/1Yr ADP Free/3 mon Game Pass/Grey/1.9Kg)",3.1,"79,190","1,11,190"
52,Dell 15 Thin & Light Laptop,3.5,"47,990","67,457"
53,Acer Aspire 3 Laptop 12th Gen Intel Core i3-1215U (Windows 11 Home/16GB RAM/1TB SSD),,"34,990","47,999"
54,Acer Aspire Lite 12th Gen Intel Core i3-1215U Premium Metal Laptop (Windows 11 Home/16 GB RAM/512GB SSD) AL15-52,3.9,"31,699","52,990"
55,"Lenovo IdeaPad Slim 3 Intel Core i3 12th Gen 15.6"" (39.62cm) FHD Thin & Light Laptop (8GB/512GB SSD/Intel UHD Graphics/Windows 11/MSO 21/1Yr ADP Free/3months Game Pass/Arctic Grey/1.63Kg)",4.0,"34,990","58,890"
56,HP Pavilion 14,4.1,"61,990","73,688"
57,Acer Nitro V Gaming Laptop AMD Ryzen 7-7735HS with RTX 4050 6 GB Graphics (16 GB DDR5/512GB SSD/Windows 11 Home/Wi-Fi 6/144Hz) ANV15-41,4.3,"74,990","1,01,999"
58,(Refurbished) Dell Precision 5540 Laptop / Intel Core i9-9880H / 32GB RAM / 1TB SSD / Nvidia Quadro T2000 with 4GB Graphics / Windows 11 Pro / 15.6 inches Ultra HD 4K Touchscreen Display  ,5.0,"61,999","2,20,000"
59,HP Laptop 15s,3.9,"47,520","64,235"
60,"Acer Aspire 3 Intel Core i5-1235U Processor Laptop with 35.56 cm (14"") FHD LED-Backlit IPS Display (16GB RAM/512GB SSD/WiFi 6/Intel Graphics/Win11Home) A324-51",5.0,"37,990","53,000"
61,"Lenovo IdeaPad Pro 5 Intel Evo Core Ultra 9 185H Built-in AI 14"" (35.56cm) 2.8K-OLED 400Nits 120Hz Laptop (32GB/1TB SSD/Win11/MSO 21/FHD+IR Camera/1Yr ADP Free/3 Mon Game Pass/Grey/1.4Kg)",4.4,"1,07,990","1,46,890"
62,ASUS TUF F15 Gaming Laptop,3.9,"53,930","80,990"
63,Acer Aspire Lite 12th Gen Intel Core i3-1215U Premium Metal Laptop (Windows 11 Home/8 GB RAM/512GB SSD) AL15-52,3.9,"29,990","52,990"
64,ZEBRONICS PRO Series Z NBC 5S,3.7,"37,990","78,999"
65,"Lenovo ThinkBook 16 Intel 13th Gen Core i3 16"" (40.64cm) WUXGA 300 Nits Antiglare Thin and Light Laptop (8GB/512GB SSD/Win 11 Home/Office 2021/Arctic Grey/1.7 Kg)",3.9,"36,990","73,800"
66,"(Refurbished) Lenovo ThinkPad L480 8th Gen Intel Core i5 Thin & Light HD Laptop (16 GB DDR4 RAM/512 GB SSD/14"" (35.6 cm) HD/Windows 11/MS Office/WiFi/Bluetooth/Webcam/Intel Graphics)  ",3.2,"18,640","50,000"
67,(Renewed) DELL Latitude 5490 Core i5 7th Gen Laptop,3.6,"21,210","1,00,000"
68,ASUS Vivobook 15 (2023),3.4,"54,990","74,990"
69,Primebook S 4G,4.5,"14,990","24,490"
70,"Acer One 14 Business Laptop AMD Ryzen 3 3250U Processor (8GB RAM/256GB SSD/AMD Radeon Graphics/Windows 11 Home) Z2-493 with 35.56 cm (14.0"") HD Display  ",3.8,"22,890","38,999"
71,HP Laptop 15s,4.0,"31,749","44,783"
72,ASUS Vivobook 15,4.5,"32,490","39,999"
73,ASUS Vivobook 16X,4.7,"64,990","77,990"
74,(Renewed) DELL Latitude 5490 Core i5 8th Gen Laptop,3.1,"21,375","59,999"
75,ASUS Vivobook 15 Thin and Light Laptop,3.9,"53,990","76,990"
76,ASUS Vivobook 15 (2023),4.0,"40,480","57,990"
77,"(Refurbished) Lenovo ThinkPad 6th Gen Intel Core i5 Thin & Light HD Laptop (8 GB RAM|256 GB SSD|14"" (39.6 cm) HD|Windows 11|MS Office|WiFi|BT|Webcam|Intel Graphics)  ",,"14,499","89,999"
78,HP Laptop 15s,3.1,"27,990","31,964"
79,Dell 15 Thin & Light Laptop,3.5,"47,990","67,457"
80,ZEBRONICS PRO Series Z NBC 4S,3.5,"31,990","62,999"
81,MSI Commercial 14 H,,"78,990","1,09,990"
82,AXL VayuBook Laptop 14.1 Inch FHD IPS Display (4GB Ram,3.3,"11,990","31,990"
83,"HP 15 Core i5 13th Gen (8GB RAM/512GB SSD/FHD/Windows 11/MS Office/Backlit Keyboard/15.6"" (39.6cm)/Silver/1.59 kg) fd0220TU / fd0111tu Laptop  ",3.7,"51,529","70,502"
84,HP Smart Choice Victus Gaming Laptop,4.0,"79,990","98,170"
85,ASUS Vivobook 16X,3.7,"70,990","85,990"
86,Dell Inspiron 3530 Thin & Light Laptop,3.7,"36,990","53,040"
87,HP Laptop 14s,3.8,"36,990","51,266"
88,"Lenovo IdeaPad 1 AMD Ryzen 5 7520U 15.6"" HD Thin and Light Laptop (8 GB/512GB SDD/Windows 11 Home/1Yr Warranty/Cloud Grey/1.58Kg)",4.7,"36,990","67,690"
89,ASUS TUF Gaming F17,3.7,"50,990","85,990"
90,ASUS Vivobook 15,3.8,"25,800","42,990"
91,"Lenovo IdeaPad 1 AMD Ryzen 3 7320U 15.6"" HD Thin and Light Laptop (8 GB/512GB SDD/Windows 11 Home/Office 2021/1Yr ADP Free/Cloud Grey/1.58Kg)",4.0,"31,590","52,890"
92,"Chuwi HeroBook Plus 15.6"" FHD Laptop",3.9,"18,990","39,990"
93,HP Victus Windows 11 Home Gaming Laptop,4.2,"81,990","1,01,715"
94,"Lenovo IdeaPad Slim 3 12th Gen Intel Core i5-12450H 15.6"" (39.6cm) FHD IPS Thin & Light Laptop (16GB/512GB SSD/Win 11/Office 21/Backlit KB/Alexa Built-in/3 Mon Game Pass/Arctic Grey/1.6Kg)",3.9,"50,400","75,490"
95,Dell 15 Thin & Light Laptop,4.1,"37,990","47,869"
96,ASUS Vivobook Go 15 (2023),3.8,"43,990","70,990"
97,"Lenovo IdeaPad 1 Intel Core Celeron N4020 14"" HD Thin and Light Laptop (4GB/256GB SDD/Windows 11 Home/1Yr ADP Free/Cloud Grey/1.3Kg)",3.7,"18,990","33,190"
98,"(Refurbished) Lenovo ThinkPad 8th Gen Intel Core i5 Thin & Light HD Laptop (8 GB DDR4 RAM/256 GB SSD/14"" (35.6 cm) HD/Windows 11/MS Office/WiFi/Webcam/Intel Graphics)  ",3.4,"17,999","1,00,000"
99,"Lenovo ThinkBook 14 Intel 13th Gen Core i3 14"" (35.56cm) WUXGA IPS 300 Nits Antiglare Thin and Light Laptop (8GB/512GB SSD/Win 11 Home/FPR/Arctic Grey/1Y Onsite + Premier Support/1.38Kg)",4.3,"43,990","75,600"
100,MSI Thin 15,3.9,"42,990","67,990"
101,ASUS Vivobook 14 Thin and Light Laptop,3.8,"35,990","56,990"
102,(Refurbished) Dell Latitude 5410 10th Gen Intel Core i5 Thin & Light HD Laptop (16 GB DDR4 RAM/256 GB SSD/14 (35.6 cm) HD/Windows 11 Pro/MS Office/WiFi/BT/Intel UHD Graphics)  ,4.1,"24,899","59,999"
103,"Chuwi CoreBook X i5 14"" Laptop",3.7,"24,990","34,990"
104,"(Refurbished) Lenovo ThinkPad 6th Gen Intel Core i5 Thin & Light HD Laptop (8 GB RAM/256 GB SSD/14"" (35.6 cm) HD/Windows 11/MS Office/WiFi/Webcam/Intel Graphics)",3.5,"15,190","58,990"
105,ASUSROG Zephyrus G16,5.0,"1,94,990","2,33,990"
106,ASUS Vivobook Go 15 (OLED) 2023,4.6,"50,900","79,990"
107,Samsung Galaxy Book3 (NP754) Intel Core i3 13th Gen 1315U 39.6cm (15.6-inch) FHD Thin & Light Laptop (8GB/512GB SSD/Windows 11 Pro (64bit)/Intel UHD Graphics/Silver/1.57 Kg),4.1,"40,690","85,990"
108,Lenovo V14 G3 (2024),5.0,"30,990","71,990"
109,HP [Smart Choice Omen Gaming Laptop,4.0,"1,11,990","1,32,645"
110,"Lenovo IdeaPad Slim 5 Intel Core i7 13700H 16""(40.6cm) WUXGA IPS Laptop (16GB/512GB SSD/Win 11/Office 2021/Backlit KB/FHD Camera/Alexa/3 month Game Pass/Cloud Grey/1.89Kg)",4.0,"76,990","1,24,590"
111,"Lenovo V15 12th Gen Intel Core i5-1235U 15.6"" FHD Thin and Light Laptop (16GB RAM/512GB SSD/Windows 11 Home/MS Office Home & Student 2021/Iron Grey/1.70 kg)",,"44,990","92,014"
112,"Acer Aspire 3 Laptop Intel Core Celeron N4500 Processor Laptop (8 GB LPDDR4X SDRAM/512 GB SSD/Win11 Home/38 WHR/HD Webcam) A325-45 with 39.63 cm (15.6"") HD Display",3.3,"20,990","33,999"
113,"(Refurbished) Lenovo V310 7th Gen Intel Core i3 Thin & Light HD Laptop (8 GB DDR4 RAM|256 GB SSD|14"" (35.6 cm) HD|Windows 11|MS Office|WiFi|BT|Webcam|Intel HD Graphics)  ",,"12,999","89,999"
114,"Chuwi HeroBook Plus 15.6"" FHD Laptop",3.9,"18,990","39,990"
115,HP Laptop 15,4.3,"33,990","45,438"
116,HP [Windows 11 Home] 255 G8 Notebook,3.7,"22,480","27,057"
117,"Lenovo LOQ 2024 Intel Core i5-13450HX 15.6"" (39.6cm) 144Hz 300Nits FHD IPS Gaming Laptop (16GB/512GB SSD/Win 11/NVIDIA RTX 4050 6GB Graphics/MSO 21/1Yr ADP Free/3 Mon Game Pass/Grey/2.4Kg)",4.2,"82,990","1,12,990"
118,MSI Thin A15,4.6,"47,990","72,990"
119,Acer Nitro V Gaming Laptop AMD Ryzen 7-7735HS with RTX 3050 6 GB Graphics (16 GB DDR5/512GB SSD/Windows 11 Home/Wi-Fi 6/144Hz) ANV15-41,5.0,"65,990","89,999"
120,Dell 15 Thin & Light Laptop,3.5,"52,490","63,994"
121,Acer ALG 12th Gen Intel Core i5 Gaming Laptop (16GB RAM/512GB SSD/4GB RTX 2050 Graphics/60Hz/Win11Home/Wifi 6) AL15G-52,4.0,"51,990","89,990"
122,(Refurbished) Dell Latitude 5410 10th Gen Intel Core i5 Thin & Light HD Laptop (16 GB DDR4 RAM/512 GB SSD/14 (35.6 cm) HD/Windows 11 Pro/MS Office/WiFi/BT/Intel UHD Graphics)  ,,"26,899","59,999"
123,ASUS Vivobook 15,5.0,"25,990","39,990"
124,MSI Modern 14,4.5,"30,990","44,990"
125,"Lenovo Thinkpad P14s 13th Gen Intel Core i7 14""(35.56 cm) WUXGA IPS 300nits Thin and Light Workstation (16GB/512GB SSD/Win 11 Pro/Backlit/Villi Black/3Y Premier/NVIDIA RTX A500 4GB/1.34Kg)",4.0,"1,29,990","1,80,900"
126,HP Pavilion 15,3.9,"46,990","58,841"
127,MSI Thin 15,4.6,,
128,HP 15s 12th Gen Intel Core i5 1235U,3.9,"44,020","68,223"
129,"Lenovo ThinkBook 16 Intel 13th Gen Core i5 16"" (40.64cm) WUXGA 300 Nits Antiglare Thin and Light Laptop (16GB/512GB SSD/Win 11 Home/Office 2021/Backlit Keyboard/Arctic Grey/1.7 Kg)",3.7,"59,990","74,990"
130,Acer Nitro V Gaming Laptop AMD Ryzen 7-7735HS with RTX 4050 6 GB Graphics (16 GB DDR5/512GB SSD/Windows 11 Home/Wi-Fi 6/144Hz) ANV15-41,4.3,"74,990","1,01,999"
131,ASUS VivoBook 15 (2022),4.1,"32,890","56,990"
132,"(Refurbished) Lenovo ThinkPad X260 6th Gen Intel Core i7 Thin & Light HD Laptop (8 GB DDR4 RAM/256 GB SSD/12.5"" (31.8 cm) HD/Windows 11 Pro/MS Office/WiFi/BT/Webcam/Intel Graphics)  ",4.0,"16,499","89,999"
133,ASUS Vivobook 15,,"47,990","69,990"
134,HP Laptop 15s,4.1,"36,990","48,419"
135,Acer Aspire Lite AMD Ryzen 5-5625U Premium Thin and Light Laptop (16 GB RAM/512 GB SSD/Windows 11 Home) AL15-41,5.0,"33,990","58,999"
136,ASUS Vivobook Go 15 (2023),3.8,"38,931","70,990"
137,GIGABYTE G5 MF-F2IN313SH 12th Gen Intel® Core i5 12450H/ 15.6 inch FHD 144Hz(45%) /RTX 4050 6G/DDR4 3200 8GB*2/GEN4 512G/AX211/WIN11 Home Gaming Laptop  ,2.7,"65,990","1,36,100"
138,"Lenovo IdeaPad Slim 5 12th Gen Intel Core i5 12450H 14"" (36cm) WUXGA IPS 300Nits Thin and Light Laptop (16GB/1TB SSD/Win 11/Office 21/BacklitKB/FHD Camera/Alexa/3 Mon Game Pass/Grey/1.46Kg)",3.6,"60,522","78,590"
139,ASUS Vivobook Go 15 (2023),3.8,"43,990","70,990"
140,ASUS Vivobook 16,3.3,"52,970","89,990"
141,Dell 15 Thin & Light Laptop,3.7,"35,990","48,892"
142,HP 15 Core i5 13th Gen (8GB RAM/512GB SSD/FHD/Windows 11/MS Office 21/Backlit Keyboard/15.6” (39.6cm)/Silver/1.59kg) hr0000TU Laptop  ,3.6,"53,490","75,059"
143,HONOR MagicBook X14 Pro 2024,4.1,"47,990","80,999"
144,ASUS Vivobook S 15 OLED,3.9,"80,990","1,16,990"
145,Dell 15 Thin&Light Laptop,3.7,"34,990","48,130"
146,MSI Thin 15,3.9,"45,990","70,990"
147,"Lenovo IdeaPad Slim 3 AMD Ryzen 7 5700U(16GB DDR4 RAM /512GB M.2 NVMe SSD/Windows 11 + MS Office 21/Backlit KB /15.6"" FHD 300Nits Anti Glare/1Yr ADP Free/Arctic Grey/1.65Kg)",3.7,"42,990","74,090"
148,HP Laptop 15,3.3,"35,490","48,419"
149,"GIGABYTE G5 KE-52IN213SH with 15.6"" FHD 144Hz",3.3,"1,00,757","1,29,990"
150,HP Laptop 15s,4.1,"31,490","47,142"
151,ASUS Vivobook Go 14 Ryzen 7 Octa Ryzen 5 7520U (16 GB/512 GB SSD/Windows 11 Home) E1404FA-NK541WS Laptop (14 inch,4.2,"38,970","59,500"
152,(Refurbished) Dell Latitude Ultralight 1.23 Kg Laptop 7290 Intel Core i5 Mobile-8th Gen -Processor ,,"21,990","96,990"
153,ASUS Vivobook Go 14 (2023),4.2,"42,990","70,990"
154,Dell Inspiron 5430 13th Gen Laptop,3.8,"64,490","78,262"
155,"Lenovo V15 12th Gen Intel Core i7-1255U 15.6"" FHD Thin and Light Laptop (16GB RAM/512GB SSD/Windows 11 Home/MS Office Home & Student 2021/Iron Grey/1.70 kg)",,"51,990","90,540"
156,ASUS ROG Zephyrus G16,3.9,"2,89,990","3,35,990"
157,"(Refurbished) Lenovo ThinkPad 6th Gen Intel Core i5 Thin & Light HD Laptop (16GB RAM / 512GB SSD /14"" (35.6 cm) HD/Windows 11/MS Office/WiFi/Webcam/Intel Graphics)",3.3,"16,199","59,999"
158,ASUS Vivobook 15,3.7,"64,990","80,990"
159,MSI Katana A17 AI,4.6,"1,43,990","1,64,990"
160,Dell Inspiron 3520 Thin & Light Laptop,3.3,"35,490","48,282"
161,"Lenovo S14 Intel Core I5 12th Gen 14"" (35.56 cm) FHD IPS (1920x1080) Antiglare 300Nits Thin and Light Laptop (8GB RAM/512GB SSD/Windows 11 Pro/Backlit/Cloud Grey/1.5 kg/3Y Premium Care)",3.1,"44,990","1,26,628"
162,"Lenovo Thinkbook 15 G5 Ryzen 3 15.6"" Fhd IPS Antiglare 300 Nits Thin and Light AMD Laptop (8Gb Ram/512Gb Ssd/Windows 11 Home/Fpr/Mineral Grey/1 Year Onsite/1.7 Kg)",2.9,"30,490","58,500"
163,"Lenovo AMD Thinkbook 16 G6 Ryzen 5 16"" Wuxga IPS Antiglare 300 Nits Thin and Light Laptop (16Gb Ram/512Gb Ssd/Windows 11 Home/Fpr/Arctic Grey/1 Year Onsite/1.7 Kg)",4.4,"42,990","86,130"
164,HP 440 G9 BZ NB/Pro-book/i5-1235U/16GB/512GB SSD/FHD/BLK/Win11 Pro/3 Yr Onsite-9S706AT  ,4.0,"75,999","98,999"
165,HP Laptop 14,4.1,"36,890","51,134"
166,ASUS TUF Gaming A15,4.1,"92,990","1,07,990"
167,HP Laptop 15,4.3,"33,990","45,438"
168,ASUS Vivobook 14 Thin and Light Laptop,3.8,"35,990","56,990"
169,Dell Alienware m18 R1,3.6,"4,39,990","5,40,986"
170,Acer ALG 12th Gen Intel Core i5 Gaming Laptop (16GB RAM/512GB SSD/6GB RTX 3050 Graphics/144Hz/Win11Home/Wifi 6) AL15G-52,3.8,"62,990","69,990"
171,Acer Nitro V Gaming Laptop 13th Gen Intel Core i5-13420H with RTX 4050 Graphics 6GB VRAM,4.0,"75,990","1,03,999"
172,Primebook 4G,4.5,"13,990","24,490"
173,"Chuwi CoreBook X i5 14"" Laptop",3.7,"24,990","34,990"
174,Chuwi HeroBook Pro 14.1'' Intel Celeron N4020 Laptop with 8GB RAM,3.9,"15,990","34,990"
175,HP Pavilion 14 Touchscreen,4.3,"62,490","77,718"
176,Dell G15 5530 Gaming Laptop,4.1,"1,49,990","1,89,990"
177,ASUS VivoBook 15 (2022),4.1,"36,990","39,999"
178,MSI Modern 14 Intel Core i3 12th Gen 1215U - (8 GB/512 GB SSD/Windows 11 Home) Modern 14 C12M-445IN / Modern 14 C12MO-1022IN Thin and Light Laptop (14 Inch,,"27,990","44,990"
179,ZEBRONICS PRO Series Z NBC 5S,3.7,"37,990","78,999"
180,ASUS Vivobook 15 (2024) Intel Core i3 12th Gen 1215U - (16 GB/512 GB SSD/Windows 11 Home) X1502ZA-EJ993WS Thin and Light Laptop (15.6 Inch,3.3,"38,990","42,999"
181,ASUS TUF Gaming F17,3.7,"50,990","85,990"
182,ASUS TUF Gaming A16 Advantage Edition,3.0,"94,990","2,11,990"
183,HP Victus Gaming Laptop,4.1,"65,990","86,050"
184,"Lenovo Thinkpad P14s 13th Gen Intel Core i7 14"" (35.56 cm) WUXGA IPS 300nits Thin and Light Workstation (16GB/512GB SSD/Windows 11 Pro/Backlit/Villi Black/3Y Premier Support/1.34Kg)",4.0,"1,09,990","1,53,000"
185,"(Refurbished) Lenovo Ideapad Slim 3 Intel Core I5 11Th Gen 15.6"" (39.62Cm) Fhd Thin & Light Laptop (8Gb/512Gb Ssd/Windows 11/Office 2021/Fpr/3Months Game Pass/Platinum Grey/1.7Kg)",3.1,"52,600","78,990"
186,"Lenovo IdeaPad Slim 3 AMD Ryzen 7 5700U(16GB DDR4 RAM /512GB M.2 NVMe SSD/Windows 11 + MS Office 21/Backlit KB /15.6"" FHD 300Nits Anti Glare/1Yr ADP Free/Arctic Grey/1.65Kg)",3.7,"42,990","74,090"
187,MSI Thin 15,4.6,"57,990","82,990"
188,"Lenovo LOQ 2024 12th Gen Intel Core i5-12450HX 15.6"" (39.6cm) 144Hz 300Nits FHD IPS Gaming Laptop (16GB/512GB SSD/NVIDIA RTX 3050 6GB Graphics/Win 11/Non-MSO/3 Mon. Game Pass/Grey/2.4Kg)",3.8,"64,190","93,290"
189,Dell Inspiron 3520 Laptop,3.7,"34,200","51,335"
190,"Acer [Smartchoice] Aspire Lite AMD Ryzen 3 5300U Premium Thin and Light Laptop (Windows 11 Home/8 GB RAM/512 GB SSD) AL15-41 with 39.62 cm (15.6"") Full HD Display",3.9,"26,990","47,990"
191,ASUS Vivobook 16 (2023),3.9,"94,990","1,16,990"
192,HP Laptop 15,4.0,"47,990","67,264"
193,ASUS Vivobook Go 14 (2023),3.7,"21,890","36,990"
194,"Lenovo IdeaPad 1 AMD Ryzen 5 7520U 15.6"" HD Thin and Light Laptop (8 GB/512GB SDD/Windows 11 Home/1Yr Warranty/Cloud Grey/1.58Kg)",4.7,"36,990","67,690"
195,MSI Katana 17,3.7,"74,990","1,23,990"
196,"Lenovo ThinkBook 16 Intel 13th Gen Core i3 16"" (40.64cm) WUXGA 300 Nits Antiglare Thin and Light Laptop (8GB/512GB SSD/Win 11 Home/Office 2021/Arctic Grey/1.7 Kg)",3.9,"36,990","73,800"
197,Dell [Smartchoice]15 Thin & Light Laptop,3.5,"44,990","62,415"
198,"Lenovo ThinkBook 16 Intel 13th Gen Core i5 16"" (40.64cm) WUXGA 300 Nits Antiglare Thin and Light Laptop (16GB/512GB SSD/Win 11 Home/Office 2021/Backlit Keyboard/Arctic Grey/1.7 Kg)",3.7,"59,990","74,990"
199,ASUS TUF Gaming F17,3.7,"56,990","89,990"
200,ASUS Vivobook 16,5.0,"57,990","72,990"
201,Acer Aspire Lite AMD Ryzen 5-5625U Premium Thin and Light Laptop (16 GB RAM/512 GB SSD/Windows 11 Home) AL15-41,5.0,"33,990","58,999"
202,ASUS TUF Gaming A15,4.1,"75,990","91,990"
203,"Lenovo V14 Intel Core i3 12th Gen 14"" (35.56 cm) FHD (1920x1080) Antiglare 250 nits Thin and Light Laptop (8GB RAM/512GB SSD/DOS/Iron Grey/1.43 kg)  ",3.6,"28,680","57,270"
204,Infinix Y1 Plus Neo (2023) Intel Celeron Quad Core 11th Gen N5100 - (4 GB/128 GB SSD/Windows 11 Home) XL30 Thin and Light Laptop (15.6 Inch,5.0,"17,890","29,990"
205,(Refurbished) Lenovo Thinkpad T470 (i5,,"14,998","1,00,000"
206,"HP 255 G9 (840T7PA) Notebook (AMD Athlon Silver-3050U/ 4GB RAM/ 256GB SSD/DOS/ 15.6"" Screen/ 1 Year Warranty)",3.9,"19,490","27,057"
207,(Refurbished) HP 650G2 Probook 15.6 Inch Screen with Numeric Keypad (6th Gen Intel Core i5 - 6300U /8 GB/512 GB SSD/Windows 10 Pro),,"19,990","1,09,000"
208,HP Pavilion 15,3.9,"56,900","75,666"
209,"Lenovo ThinkPad E16 Intel Core i5 13th Gen 16"" WUXGA IPS 300 Nits Thin and Light Laptop (16GB RAM/512GB SSD/Windows 11 Home/FPR/Black/1Y Onsite/1.77 kg)",3.1,"69,000","1,08,434"
210,MSI Thin 15,3.9,"45,990","70,990"
211,"Lenovo Ideapad Slim 3 AMD Ryzen 5 7520U 15.6"" (39.6Cm) FHD Thin and Light Laptop (16Gb/512GB SSD/Win 11/Office 2021/Backlit Keyboard/Alexa Built-in/3 Month Game Pass/Arctic Grey/1.62Kg)",3.7,"42,990","72,190"
212,HP 15 Core i5 13th Gen (16GB RAM/512GB SSD/FHD/Windows 11/MS Office/Backlit KB/15.6” (39.6cm)/Silver/1.59kg) fd0316TU Laptop  ,3.9,"55,490","71,773"
213,"Lenovo V15 AMD Ryzen 3 7320U 15.6"" (39.62cm) FHD 250 Nits Antiglare Thin and Light Laptop (8GB/512GB SSD/Windows 11 Home/Arctic Grey/1.65 Kg)",3.8,"27,890","89,765"
214,Dell Inspiron 3530 Laptop,3.6,"59,150","68,999"
215,"Acer Aspire 5 Gaming Laptop 13th Gen Intel Core i5(16GB RAM/512GB SSD/NVIDIA RTX 2050 4GB Graphics/144Hz/Win11Home)A515-58GM 15.6"" FHD Display",4.0,"54,990","89,999"
216,MSI Thin A15,4.6,"52,933","78,990"
217,MSI Modern 15,4.2,"28,900","69,990"
218,"Lenovo AMD Thinkbook 16 G6 Ryzen 5 16"" Wuxga IPS Antiglare 300 Nits Thin and Light Laptop (16Gb Ram/512Gb Ssd/Windows 11 Home/Fpr/Arctic Grey/1 Year Onsite/1.7 Kg)",4.4,"42,990","86,130"
219,ASUS Vivobook 15,,"27,990","42,990"
220,"Lenovo IdeaPad Slim 3 12th Gen Intel Core i5-12450H 15.6"" (39.6cm) FHD IPS Thin & Light Laptop (16GB/512GB SSD/Intel UHD Graphics/Win 11/MSO 21/Backlit KB/1 Yr ADP Free/Grey/1.6Kg)",3.6,"50,490","77,490"
221,Dell Inspiron 3520 Laptop,3.7,"34,949","48,282"
222,"Lenovo ThinkPad E16 Intel Core i3 13th Gen 16"" WUXGA IPS 300 Nits Thin and Light Laptop (8GB RAM/512GB SSD/Windows 11 Home/FPR/Black/1Y Onsite/1.77 kg)",3.9,"48,590","87,811"
223,"Acer Aspire Lite 13th Gen Intel Core i3-1305U Thin and Light Premium Laptop (Windows 11 Home/8 GB RAM/512GB SSD/36 WHR) AL15-53 with 39.62cm (15.6"") Full HD Display",3.9,"31,990","50,990"
224,Dell Inspiron 3530 Thin & Light Laptop,3.7,"36,990","53,040"
225,ASUS TUF Gaming A15,4.5,"99,990","1,19,990"
226,HP Victus Gaming Laptop,4.2,"94,990","1,13,320"
227,HONOR MagicBook X16 Pro 2024,4.1,"44,990","78,999"
228,Lenovo V15 Thin & Light Laptop,1.0,"42,990","99,879"
229,HP Pavilion 16,3.2,"72,990","89,356"
230,ASUS Vivobook 14,3.8,"35,990","56,990"
231,HP Laptop 15,,"45,990","56,831"
232,HP Laptop 15,2.7,"50,990","68,223"
233,Dell 15 Thin & Light Laptop,3.7,"35,990","48,892"
234,"Lenovo ThinkPad E14 Intel Core i5 13th Gen 14"" WUXGA IPS 300 Nits Thin and Light Laptop (16GB RAM/512GB SSD/Windows 11 Home/Office 2021/Backlit Keyboard/FPR/Black/1.41 kg)",3.7,"69,000","89,900"
235,Chuwi HeroBook Pro 14.1'' Intel Celeron N4020 Laptop with 8GB RAM,3.9,"15,990","34,990"
236,"Lenovo IdeaPad Slim 5 Intel Core Ultra 5 125H Built-in AI 16"" (40.6cm) WUXGA-IPS 300Nits Thin & Light Laptop (16GB/1TB SSD/Win 11/Office 21/FHD+IR Camera/Alexa/3 Mon GamePass/Grey/1.8Kg)",3.1,"79,190","1,07,690"
237,"Lenovo ThinkBook 15 G5 AMD Ryzen 7 7730U 15.6"" FHD Antiglare 250 Nits Thin and Light Laptop (8GB RAM/512GB SSD/Windows 11 Home/Fingerprint Reader/Backlit/Mineral Grey/1 Year Onsite/1.7 kg)",3.7,"43,990","1,27,820"
238,Acer Nitro V Gaming Laptop 13th Gen Intel Core i5-13420H with RTX 4050 Graphics 6GB VRAM,4.0,"78,990","92,999"
239,Dell 15 Laptop,3.5,"48,990","66,760"
240,"Acer Travelmate Business Laptop Intel Core i7-1165G7 Processor (Windows 11 Home/16 GB DDR4/512 GB SSD/Intel Iris Xe Graphics) TMP214-53 with 35.56 cm (14"") Full HD Display  ",3.1,"39,990","89,999"
241,HP Laptop 15,4.0,"50,828","64,805"
242,"(Refurbished) HP ProBook 6th Gen Intel Core i5 Thin & Light HD Laptop (8 GB RAM/256 GB SSD/14"" (35.6 cm) HD/Windows 10 Pro/MS Office/WiFi/Webcam/Intel Graphics)  ",4.0,"14,499","89,999"
243,"ASUS Vivobook 16"" FHD+ (1920 x 1200)",,"55,020","69,990"
244,ASUS Vivobook 16 (2023)Thin & Light Laptop,3.9,"94,920","1,16,990"
245,Acer Aspire Lite 12th Gen Intel Core i5-1235U Thin and Light Laptop (Windows 11 Home/8GB RAM/512GB SSD/Intel Iris Xe Graphics) AL15-52,3.8,"36,990","62,990"
246,Lenovo IdeaPad 3 12th Gen Intel Core i3-1215U 14 Inch (35.5cm) FHD Thin & Light Laptop (8GB/512GB SSD/Win 11/Office 2021/1Yr ADP Free/3months Game Pass/Arctic Grey/1.43Kg),4.0,"33,990","55,190"
247,"Lenovo IdeaPad Slim 3 12th Gen Intel Core i5-12450H 15.6"" (39.6cm) FHD IPS Thin & Light Laptop (16GB/512GB SSD/Intel UHD Graphics/Win 11/MSO 21/Backlit KB/1 Yr ADP Free/Grey/1.6Kg)",3.6,"50,490","77,490"
248,HP Laptop 15s,4.1,"39,999","59,109"
249,"Lenovo IdeaPad 1 AMD Ryzen 5 5500U 15.6"" (39.62cm) FHD Thin & Light Laptop (8GB/512GB SSD/Integrated AMD Graphics/Windows 11/Office 2021/HD Camera/1 Year ADP Free/Grey/1.6Kg)",4.0,"35,490","55,090"
250,HP Victus Gaming Laptop,4.2,"91,990","1,08,472"
251,ASUS Vivobook 15 (2023),3.4,"58,990","76,990"
252,HP Chromebook (2024) MediaTek MT8183 - (4 GB/32 GB EMMC Storage/Chrome OS) 11MK G9 EE Chromebook (11.6 Inch,2.9,"12,949","34,554"
253,"Lenovo IdeaPad 1 Intel Core Celeron N4020 15"" HD Thin and Light Laptop (8GB/512GB SDD/Windows 11 Home/Office 2021/1Yr Warranty/Cloud Grey/1.3Kg)",3.7,"25,300",
254,MSI Modern 15,4.2,"34,630","69,990"
255,Lenovo (Renewed) Thinkpad T460 14-inch (35 cm) Laptop (Intel,3.5,"15,152","89,000"
256,"Acer Aspire Lite AMD Ryzen 3 5300U Premium Thin and Light Laptop (Windows 11 Home/16 GB RAM/512 GB SSD) AL15-41 with 39.62 cm (15.6"") Full HD Display",3.9,"28,990","49,990"
257,"Lenovo IdeaPad Slim 1 AMD Ryzen 5 5500U 15.6"" HD Thin and Light Laptop (16GB/512GB SSD/Integrated AMD Graphics/Windows 11 Home/MSO 21/1Yr ADP Free/Cloud Grey/1.61Kg)",4.1,"36,990","58,390"
258,"Lenovo IdeaPad Slim 3 13th Gen Intel Core i7-13620H 15"" (38.1cm) FHD IPS 300 Nits Thin & Light Laptop (16GB/512GB SSD/Win 11/MSO 21/1Yr ADP Free/Alexa Built-in/3 mon Game Pass/Grey/1.6Kg)",3.7,"59,990","85,390"
259,"Lenovo IdeaPad Slim 3 12th Gen Intel Core i5-12450H 14"" (35.5cm) FHD 250 Nits Thin & Light Laptop (16GB/512GB SSD/Win 11/Office 21/1Yr ADP Free/Alexa built-in/3 mon. Game Pass/Grey/1.37Kg)",3.9,"49,190","70,090"
260,"Lenovo LOQ 2024 13th Gen Intel Core i7-13650HX 15.6"" (39.6cm) 144Hz 300Nits FHD Gaming Laptop (24GB/512GB SSD/Win 11/NVIDIA RTX 4060 8GB/MSO 21/1Yr ADP Free/3mon Game Pass/Grey/2.4Kg)",3.0,"1,06,190","1,39,290"
261,"Lenovo IdeaPad 1 AMD Ryzen 5 7520U 15.6"" HD Thin and Light Laptop (8GB/512GB SSD/Windows 11 Home/MS Office 2021/Cloud Grey/1.58Kg)",1.8,"37,990","78,890"
262,Lenovo IdeaPad Slim 3 Intel Core i3 12th Gen 15.6 inch (39.62cm) FHD Thin & Light Laptop (8GB/512GB SSD/Windows 11/Office 2021/3months Game Pass/Arctic Grey/1.63Kg),4.1,"33,200","55,190"
263,"Lenovo IdeaPad Slim 5 12th Gen Intel Core i5 12450H 14"" (35.5cm) WUXGA+ IPS Laptop (16GB/512GB SSD/Win 11/Office 2021/Backlit KB/FHD Camera/Alexa/3 Month Game Pass/Cloud Grey/1.46Kg)",4.2,"58,690","74,890"
264,ASUS Vivobook 15,4.2,"38,890","58,990"
265,ASUS Vivobook Go 15 (2023),4.0,"31,950","50,990"
266,ASUS Vivobook Go 14 (2023) Thin & Light Laptop,3.8,"37,990","62,990"
267,MSI Modern 15 H,4.0,"76,990","88,990"
268,HP Laptop 15s,4.0,"37,990","51,134"
269,"Lenovo V15 Intel Celeron N4500 15.6"" (39.62 cm) FHD (1920x1080) Antiglare 250 Nits Thin and Light Laptop (8GB RAM/256GB SSD/Windows 11 Home/Black/1Y Onsite/1.7 kg)",3.8,"22,990","59,000"
270,HP 15s 12th Gen Intel Core i5,4.0,"47,899","65,387"
271,HP Laptop 15s,3.9,"47,520","64,235"
272,"Lenovo IdeaPad Slim 3 Intel Core i5-12450H 14"" (35.56cm) FHD IPS 300 Nits Thin & Light Laptop (16GB/512GB SSD/Win 11/Office 2021/Alexa Built-in/3 Month Game Pass/Arctic Grey/1.37Kg)",3.9,"49,400","69,890"
273,"Lenovo IdeaPad 3 12th Gen Intel Core i5-1235U 15.6"" (39.62cm) FHD Thin and Light Laptop (8GB/512GB SDD/Windows 11/Office 2021/Backlit/1Yr ADP Free/3months Game Pass/Arctic Grey/1.63Kg)",3.9,"46,690","91,890"
274,Lenovo V14 G3 IAP Laptop 12th Generation Intel® Core™ i5-1235U Processor(Core™ i5-1235U)/ 8GB DDR4 / 512 GB SSD PCIe / 14.0 FHD TN Display/Windows 11 / Silver (Grey) / 1 Year Onsite Warranty  ,,"37,390","68,060"
275,MSI Thin 15,4.6,"57,990","82,990"
276,ZEBRONICS PRO Series Z NBC 4S,3.5,"29,990","60,999"
277,Dell 15 Thin & Light Laptop,4.1,"38,990","49,999"
278,Dell Inspiron 3520 Laptop,3.7,"44,990","62,507"
279,"Lenovo LOQ 2024 Intel Core i5-13450HX 15.6"" (39.6cm) 144Hz 300Nits FHD IPS Gaming Laptop (16GB/512GB SSD/Win 11/NVIDIA RTX 4050 6GB Graphics/MSO 21/1Yr ADP Free/3 Mon Game Pass/Grey/2.4Kg)",4.2,"82,990","1,12,990"
280,"Lenovo IdeaPad Gaming 3 AMD Ryzen 5 7535HS 15.6"" (39.62cm) FHD IPS 120Hz Gaming Laptop (16GB/512GB SSD/Win11/Office/NVIDIA RTX 3050 6GB/Backlit KB/Alexa/3 Month Game Pass/Onyx Grey/2.32Kg)",4.4,"62,990","99,590"
281,HP 247 G8 Laptop (R3-5300U/ 14 inches /8GB RAM DDR4 /512 GB SSD/Windows 11 Home) One Year Warranty,,"25,990","39,631"
282,"Lenovo ThinkPad E14 Intel Core i3 13th Gen 14"" WUXGA IPS 300 Nits Thin and Light Laptop (8GB RAM/512GB SSD/Windows 11 Home/FPR/Black/1Y Onsite/1.41 kg)",3.9,"46,450","55,000"
283,"Lenovo Thinkpad P14s 13th Gen Intel Core i7 14"" (35.56 cm) WUXGA IPS 300nits Thin and Light Workstation (16GB/1TB SSD/Windows 11 Pro/Backlit/Villi Black/3Y Premier Support/1.34Kg)",4.0,"1,10,990","1,62,000"
284,"Lenovo Thinkpad P16s 13th Gen Intel Core i7 16""(40.64 cm) WUXGA IPS 300nits Thin and Light Workstation (16GB/1TB SSD/Windows 11 Pro/Backlit/Villi Black/3Y Premier Support/1.70Kg)",4.0,"1,22,999","1,45,999"
285,"Lenovo ThinkPad E14 Intel Core i5 13th Gen 14"" WUXGA IPS 300 Nits Thin and Light Laptop (16GB RAM/512GB SSD/Win 11 Home/Office 2021/Backlit Keyboard/FPR/Black/1Y Onsite/1.41 kg)",4.0,"70,990","1,08,900"
286,HP 247 G8 Laptop (R3-5300U/ 14 inches /8GB RAM DDR4 /512 GB SSD/Windows 11 Home) One Year Warranty,,"25,990","39,631"
287,HP Pavilion 15,4.0,"83,990","1,02,918"
288,(Refurbished) HP 650G2 Probook 15.6 Inch Screen with Numeric Keypad (6th Gen Intel Core i5 - 6300U /8 GB/240 GB SSD/Windows 10 Pro),3.8,"18,990","1,09,000"
289,ASUS TUF Gaming A15,4.1,"61,990","81,990"
290,HP Pavilion 14 12th Gen Intel Core i7 16GB SDRAM/1TB SSD 14 inch(35.6cm) FHD,4.1,"76,990","93,261"
291,"Acer Aspire 5 Gaming Laptop 13th Gen Intel Core i5 (8GB RAM/512GB SSD/NVIDIA RTX 2050 4GB Graphics/144Hz/Win11Home)A515-58GM 15.6"" FHD Display",4.0,"50,990","79,999"
292,MSI Modern 14,3.5,"38,990","55,990"
293,FUTOPIA ULTIMUS Pro,3.3,"14,490","35,990"
294,"Lenovo ThinkBook 15 G5 AMD Ryzen 7 7730U 15.6"" FHD Antiglare 250 Nits Thin and Light Laptop (8GB RAM/512GB SSD/Windows 11 Home/Fingerprint Reader/Backlit/Mineral Grey/1 Year Onsite/1.7 kg)",3.7,"43,990","1,27,820"
295,Acer Aspire Lite AMD Ryzen 5 5500U Premium Thin and Light Laptop (16 GB RAM/512 GB SSD/Windows 11 Home) AL15-41,3.9,"33,990","56,999"
296,ASUS Vivobook Go 15 (OLED) 2023,3.8,"47,990","68,900"
297,Dell Alienware x16 Gaming Laptop,2.0,"4,42,990","5,47,508"
298,ASUS Chromebook Intel Celeron Dual Core N4500 - (4 GB/64 GB EMMC Storage/Chrome OS) CX1500CKA-NJ0393 Chromebook (15.6 Inch,5.0,"17,990","32,990"
299,Dell Inspiron 5430 13th Gen Laptop,3.8,"64,490","78,262"
300,Dell Inspiron 3520 Laptop,3.7,"34,949","48,282"
301,"Lenovo IdeaPad Slim 3 13th Gen Intel Core i7-13620H 15"" (38.1cm) FHD IPS 300 Nits Thin & Light Laptop (16GB/512GB SSD/Win 11/MSO 21/1Yr ADP Free/Alexa Built-in/3 mon Game Pass/Grey/1.6Kg)",3.7,"59,990","85,390"
302,ASUS Vivobook 15 (2024) Intel Core i3 12th Gen 1215U - (8 GB/SSD/512 GB SSD/Windows 11 Home) X1502ZA-EJ953WS Thin and Light Laptop (15.6 Inch,5.0,"30,990","42,999"
303,ASUS TUF Gaming F15 - AI Powered Gaming Laptop,3.7,,
304,"(Refurbished) HP Chromebook 13 G1 6th Gen Intel Core m5 FHD Thin & Light Laptop (8 GB RAM| 32 GB eMMC Storage| 13.3"" (33.8 cm) FHD| Chrome OS| WiFi| Bluetooth| Webcam| Intel Graphics)  ",3.2,"12,999","89,999"
305,ASUS Vivobook 15 (2024) Intel Core i3 12th Gen 1215U - (8 GB/SSD/512 GB SSD/Windows 11 Home) X1502ZA-EJ953WS Thin and Light Laptop (15.6 Inch,5.0,"30,990","42,999"
306,"(Refurbished) Lenovo ThinkPad 8th Gen Intel Core i5 Thin & Light Touchscreen FHD Laptop (16 GB DDR4 RAM/512 GB SSD/14"" (35.6 cm) FHD/Windows 11/MS Office/WiFi/Webcam/Intel Graphics)  ",4.1,"22,849","59,999"
307,ASUS TUF Gaming F15 - AI Powered Gaming Laptop,3.7,,
308,"(Refurbished) HP Chromebook 13 G1 6th Gen Intel Core m5 FHD Thin & Light Laptop (8 GB RAM| 32 GB eMMC Storage| 13.3"" (33.8 cm) FHD| Chrome OS| WiFi| Bluetooth| Webcam| Intel Graphics)  ",3.2,"12,999","89,999"
309,HP Pavilion 15,3.9,"56,900","75,666"
310,Acer Predator Helios Neo 16 Gaming Laptop 13th Gen Intel Core i9 Processor (16 GB/1 TB SSD/Windows 11 Home/NVIDIA GeForce RTX 4060) PHN16-71,4.2,"1,50,000","1,71,999"
311,Acer Aspire Lite 12th Gen Intel Core i3-1215U Thin and Light Metal Laptop (Windows 11 Home/8GB RAM/512GB SSD/Intel UHD Graphics/MSO) AL15-52,3.9,"30,990","55,990"
312,HP Laptop 255 G9 (2024),5.0,"21,990","45,990"
313,Lenovo IdeaPad Slim 3 12th Gen Intel Core i3-1215U 14 Inch (35.5cm) FHD Thin & Light Laptop (8GB/512GB SSD/Windows 11/Office 2021/3months Game Pass/Arctic Grey/1.43Kg),4.1,"33,800","55,190"
314,MSI Thin 15,4.1,"65,111","83,990"
315,"Lenovo IdeaPad 1 AMD Ryzen 7 5700U 15.6"" HD Thin and Light Laptop (16GB/512GB SSD/Windows 11 Home/MS Office 2021/1Yr ADP Free/Cloud Grey/1.61Kg)",,"41,990","71,290"
316,"Lenovo IdeaPad 1 Intel Core Celeron N4020 14"" HD Thin and Light Laptop (8GB/512GB SDD/Windows 11 Home/1Yr ADP Free/Cloud Grey/1.3Kg)",3.4,"24,990","42,290"
317,Dell 14 Laptop,3.8,"49,990","65,063"
318,"(Refurbished) Dell Latitude E5450 5th Gen Intel Core i5 Thin & Light HD Laptop (8 GB RAM/256 GB SSD/14"" (35.6 cm) HD Display/Windows 10 Pro/MS Office/WiFi/BT/Webcam/Intel Graphics)  ",3.9,"14,999","89,999"
319,MSI Cyborg 15,4.1,"50,990","86,990"
320,Lenovo V15 Portable Laptop,4.1,"24,890","99,999"
321,ASUS TUF F17 Gaming Laptop,3.9,"48,990","75,990"
322,(Renewed) Dell M6800 Precision Hybrid 17 Inches Screen,,"61,990","2,49,000"
323,"Acer Chromebook Intel Celeron N4500 Processor (Chrome OS/8 GB RAM/128 GB eMMC/WiFi 6) CB315-4H with 39.6 cm (15.6"") Full HD LED Backlit TFT LCD",5.0,"15,990","36,999"
324,(Refurbished) Dell M6800 Precision 17 Inches Screen (4th Gen Intel Core i7 - 4810MQ /4 GB/4000GB 17 Inches Screen (4TB) HDD/Windows 7 Pro),,"58,990","2,49,000"
325,Acer Nitro V Gaming Laptop 13th Gen Intel Core i5-13420H with RTX 4050 Graphics 6GB VRAM,4.0,"78,990","92,999"
326,"(Refurbished) Lenovo ThinkPad X270 6th Gen Intel Core i5 Thin & Light HD Laptop (16 GB DDR4 RAM/256 GB SSD/12.5"" (31.8 cm) HD/Windows 11/MS Office/WiFi/Bluetooth/Webcam/Intel Graphics)  ",3.4,"14,500","89,999"
327,MSI Thin 15,,"79,990","1,00,990"
328,ASUS TUF Gaming A15,4.1,"61,990","81,990"
329,"Lenovo IdeaPad 1 Intel Core Celeron N4020 15"" HD Thin and Light Laptop (8GB/512GB SDD/Windows 11 Home/Office 2021/1Yr Warranty/Cloud Grey/1.3Kg)",3.7,"25,300",
330,ASUS Vivobook Go 15 (OLED) 2023,3.8,"47,990","68,900"
331,"Lenovo IdeaPad 3 12th Gen Intel Core i5-1235U 15.6"" (39.62cm) FHD Thin and Light Laptop (8GB/512GB SDD/Windows 11/Office 2021/Backlit/1Yr ADP Free/3months Game Pass/Arctic Grey/1.63Kg)",3.9,"46,690","91,890"
332,ZEBRONICS PRO Series Z NBC 4S,3.5,"29,990","60,999"
333,"Lenovo IdeaPad Slim 5 12th Gen Intel Core i5 12450H 14"" (35.5cm) WUXGA+ IPS Laptop (16GB/512GB SSD/Win 11/Office 2021/Backlit KB/FHD Camera/Alexa/3 Month Game Pass/Cloud Grey/1.46Kg)",4.2,"58,690","74,890"
334,"Lenovo V15 G2 15.6"" FHD Anti-Glare Business Laptop",4.1,"22,990","89,990"
335,Acer Aspire Lite 12th Gen Intel Core i5-1235U Premium Laptop (16GB RAM/512GB SSD/Win11 Home&Student/Intel Graphics/MSO) AL15-52,4.1,"42,990","68,999"
336,HP Pavilion 15,4.0,"83,990","1,02,918"
337,HP Pavilion Plus 16,4.0,"1,14,900","1,28,955"
338,ASUS Chromebook Intel Celeron Dual Core N4500 - (4 GB/64 GB EMMC Storage/Chrome OS) CX1500CKA-NJ0393 Chromebook (15.6 Inch,5.0,"17,990","32,990"
339,Dell Inspiron 5430 13th Gen Laptop,3.8,"64,490","78,262"
340,Dell Inspiron 3520 Laptop,3.7,"34,949","48,282"
341,ASUS Vivobook 15 (2024) Intel Core i3 12th Gen 1215U - (8 GB/SSD/512 GB SSD/Windows 11 Home) X1502ZA-EJ953WS Thin and Light Laptop (15.6 Inch,5.0,"30,990","42,999"
342,"(Refurbished) Lenovo ThinkPad 8th Gen Intel Core i5 Thin & Light Touchscreen FHD Laptop (16 GB DDR4 RAM/512 GB SSD/14"" (35.6 cm) FHD/Windows 11/MS Office/WiFi/Webcam/Intel Graphics)  ",4.1,"22,849","59,999"
343,(Renewed) Dell M6800 Precision Hybrid 17 Inches Screen,,"65,990","2,49,000"
344,(Refurbished) Dell M6800 Precision 17 Inches Screen (4th Gen Intel Core i7 - 4810MQ /32 GB/4000GB 17 Inches Screen (4TB) HDD/Windows 7 Pro),,"79,990","2,49,000"
345,"(Refurbished) HP Chromebook 13 G1 6th Gen Intel Core m5 FHD Thin & Light Laptop (8 GB RAM| 32 GB eMMC Storage| 13.3"" (33.8 cm) FHD| Chrome OS| WiFi| Bluetooth| Webcam| Intel Graphics)  ",3.2,"12,999","89,999"
346,HP 15 Core i3 13th Gen (8GB RAM/512GB SSD/FHD/MS Office 21/Backlit Keyboard/15.6-inch (39.6 cm)/ Windows 11/Silver/1.59 kg) fd0186TU Laptop  ,3.9,"40,518","50,843"
347,ASUS TUF Gaming F15 - AI Powered Gaming Laptop,3.7,,
348,HP Pavilion 15,3.9,"56,900","75,666"
349,Acer Predator Helios Neo 16 Gaming Laptop 13th Gen Intel Core i9 Processor (16 GB/1 TB SSD/Windows 11 Home/NVIDIA GeForce RTX 4060) PHN16-71,4.2,"1,50,000","1,71,999"
350,HP Omen Gaming Laptop,3.4,"1,33,990","1,57,945"
351,MSI Sword 16 HX,4.1,"1,17,990","1,51,990"
352,HP Pavilion Aero,3.9,"74,990","91,544"
353,Acer Aspire Lite 12th Gen Intel Core i3-1215U Thin and Light Metal Laptop (Windows 11 Home/8GB RAM/512GB SSD/Intel UHD Graphics/MSO) AL15-52,3.9,"30,990","55,990"
354,Lenovo IdeaPad Slim 3 12th Gen Intel Core i3-1215U 14 Inch (35.5cm) FHD Thin & Light Laptop (8GB/512GB SSD/Windows 11/Office 2021/3months Game Pass/Arctic Grey/1.43Kg),4.1,"33,800","55,190"
355,"Lenovo IdeaPad 1 AMD Ryzen 7 5700U 15.6"" HD Thin and Light Laptop (16GB/512GB SSD/Windows 11 Home/MS Office 2021/1Yr ADP Free/Cloud Grey/1.61Kg)",,"41,990","71,290"
356,Acer Aspire Lite 11th Gen Intel Core i5 Premium Metal Laptop (16GB RAM/512GB SSD/Intel Iris Xe Graphics/Windows 11 Home) AL15-51,3.8,"42,990","75,000"
357,"Lenovo V15 12th Gen Intel Core i7-1255U 15.6"" FHD Thin and Light Laptop (16GB RAM/512GB SSD/Windows 11 Home/MS Office Home & Student 2021/Iron Grey/1.70 kg)",,"51,990","90,540"
358,MSI Thin 15,4.1,"65,111","83,990"
359,ZEBRONICS PRO Series Z NBC 4S,3.5,"31,990","62,999"
360,"Lenovo IdeaPad 1 Intel Core Celeron N4020 14"" HD Thin and Light Laptop (8GB/512GB SDD/Windows 11 Home/1Yr ADP Free/Cloud Grey/1.3Kg)",3.4,"24,990","42,290"
361,Dell 14 Laptop,3.8,"49,990","65,063"
362,"(Refurbished) Dell Latitude E5450 5th Gen Intel Core i5 Thin & Light HD Laptop (8 GB RAM/256 GB SSD/14"" (35.6 cm) HD Display/Windows 10 Pro/MS Office/WiFi/BT/Webcam/Intel Graphics)  ",3.9,"14,999","89,999"
363,Dell [Smartchoice] Core i3-1215U,3.7,"33,990","48,692"
364,ASUS Vivobook 15,3.9,"53,990","76,990"
365,"(Refurbished) Lenovo ThinkPad 5th Gen Intel Core i5 Thin & Light HD Laptop (8 GB RAM/256 GB SSD/14"" (35.6 cm) HD/Windows 10 Pro/MS Office/WiFi/Webcam/Intel Graphics)",3.6,"14,085","65,000"
366,Modern 14,3.0,"35,990","52,990"
367,Apple MacBook Air Laptop: Apple M1 chip,4.6,"59,990","92,900"
368,Acer Aspire Lite 12th Gen Intel Core i5-12450H Thin and Light Laptop (Windows11Home/16GB RAM/512GB SSD/MSO) AL15-52H,3.8,"41,990","66,999"
369,Dell 15 Thin & Light Laptop,3.5,"43,990","62,002"
370,"Lenovo IdeaPad 1 AMD Ryzen 5 5500U 15.6"" (39.62cm) FHD Thin & Light Laptop (8GB/512GB SSD/Integrated AMD Graphics/Windows 11/Office 2021/HD Camera/1 Year ADP Free/Grey/1.6Kg)",4.0,"35,490","55,090"
371,JioBook 11 with Lifetime Office | Android 4G Laptop Mediatek 8788 (JioOS) | Octa-core | 4GB RAM | 64 eMMC Storage | Thin and Light Laptop (11.6 inch,3.2,"12,890","25,000"
372,ASUS TUF Gaming A15,4.1,"72,990","83,990"
373,ASUS Vivobook 15 (2023),4.0,"42,990","57,990"
374,"Lenovo IdeaPad Slim 5 12th Gen Intel Core i5 12450H 16"" (40.6cm) WUXGA+ IPS Laptop (16GB/512GB SSD/Win 11/Office 2021/Backlit KB/FHD Camera/Alexa/3 Month Game Pass/Cloud Grey/1.89Kg)",3.5,"56,530","84,290"
375,ASUS Vivobook 15,3.9,"53,990","76,990"
376,"Lenovo IdeaPad Slim 5 12th Gen Intel Core i5 12450H 14"" (35.5cm) WUXGA+ IPS Laptop (16GB/512GB SSD/Win 11/Office 2021/Backlit KB/FHD Camera/Alexa/3 Month Game Pass/Cloud Grey/1.46Kg)",4.2,"58,690","74,890"
377,"HP 15 Core i5 13th Gen (16GB RAM/512GB SSD/FHD/15.6"" (39.6 cm)/Windows 11/MS Office' 21/Backlit Keyboard/Silver/ 1.59 kg) fd0221TU Laptop  ",4.1,"55,690","77,999"
378,Dell Inspiron 3535,3.0,"28,990","38,747"
379,"Acer Aspire 3 Laptop Intel Core Celeron N4500 Processor Laptop (8 GB LPDDR4X SDRAM/512 GB SSD/Win11 Home/38 Whr/HD Webcam) A324-45 with 35.56 cm (14"") HD Display",3.3,"23,399","50,990"
380,Lenovo [Smartchoice LOQ 12th Gen Intel Core i5-12450HX /39.6cm/ 144Hz 300Nits FHD Gaming Laptop (16GB/512GB SSD/Win 11/ RTX 3050 6GB Graphics/100% sRGB/MSO 21/3 Mon Game Pass/Grey/2.4Kg),4.0,"66,190","95,890"
381,"HP 15s Core i3 12th Gen (8GB RAM/512GB SSD/FHD/MS Office 21/Windows 11/15.6"" (39.6cm)/Silver/1.69 kg) fy5011TU Laptop  ",4.1,"37,490","48,988"
382,"Acer Aspire 5 Gaming Laptop 13th Gen Intel Core i5(16GB RAM/512GB SSD/NVIDIA RTX 2050 4GB Graphics/144Hz/Win11Home)A515-58GM 15.6"" FHD Display",4.0,"54,990","89,999"
383,HP Laptop 15s,4.0,"64,990","78,778"
384,Acer Nitro V Gaming Laptop 13th Gen Intel Core i5-13420H with RTX 4050 Graphics 6GB VRAM,4.0,"75,990","1,03,999"
385,"Lenovo IdeaPad Slim 3 Intel Core i3 12th Gen 15.6"" (39.62cm) FHD Thin & Light Laptop (8GB/512GB SSD/Intel UHD Graphics/Windows 11/MSO 21/1Yr ADP Free/3months Game Pass/Arctic Grey/1.63Kg)",4.0,"34,990","58,890"
386,Acer Aspire Lite 12th Gen Intel Core i3-1215U Premium Metal Laptop (Windows 11 Home/8 GB RAM/512GB SSD) AL15-52,3.9,"29,990","52,990"
387,"Lenovo IdeaPad Slim 1 Intel Core Celeron N4020 14"" HD Thin and Light Laptop (8GB/512GB SSD/Windows 11 Home/Office 21/1Yr Warranty/Cloud Grey/1.3Kg)",3.7,"23,990","42,590"
388,"Lenovo IdeaPad Slim 3 12th Gen Intel Core i5-12450H 14"" (35.5cm) FHD 250 Nits Thin & Light Laptop (16GB/512GB SSD/Win 11/Office 21/1Yr ADP Free/Alexa built-in/3 mon. Game Pass/Grey/1.37Kg)",3.9,"49,190","70,090"
389,"Lenovo IdeaPad 1 AMD Athlon Silver 7120U 15.6"" HD Thin and Light Laptop (8GB/512GB SDD/Windows 11 Home/1Year Warranty/MS Office/Cloud Grey/1.58Kg)",4.0,"25,990","43,790"
390,"Lenovo IdeaPad Slim 1 AMD Ryzen 5 5500U 15.6"" HD Thin and Light Laptop (16GB/512GB SSD/Integrated AMD Graphics/Windows 11 Home/MSO 21/1Yr ADP Free/Cloud Grey/1.61Kg)",4.1,"36,990","58,390"
391,ASUS Vivobook 16,3.8,"36,990","55,990"
392,"Lenovo LOQ 2024 Intel Core i5-12450HX 15.6"" (39.6cm) 144Hz 300Nits FHD IPS Gaming Laptop (24GB/512GB SSD/Win 11/NVIDIA RTX 3050 6GB Graphics/1Yr ADP Free/MSO 21/3 Mon Game Pass/Grey/2.4Kg)",4.0,"68,190","98,890"
393,HP Laptop 15s,4.0,"64,990","78,778"
394,"Acer [Smartchoice] Aspire Lite AMD Ryzen 3 5300U Premium Thin and Light Laptop (Windows 11 Home/8 GB RAM/512 GB SSD) AL15-41 with 39.62 cm (15.6"") Full HD Display",3.9,"26,990","47,990"
395,ASUS Vivobook 15,3.9,"48,990","70,990"
396,HP Victus Gaming Laptop,4.2,"60,990","84,838"
397,ASUS Vivobook 15 Thin and Light Laptop,3.9,"53,990","76,990"
398,"Lenovo V15 12th Gen Intel Core i5-1235U 15.6"" FHD Thin and Light Laptop (16GB RAM/512GB SSD/Windows 11 Home/MS Office Home & Student 2021/Iron Grey/1.70 kg)",,"44,990","92,014"
399,HP Laptop 15s,4.1,"31,490","47,142"
400,"HP 15s Core i3 12th Gen (8GB RAM/512GB SSD/FHD/MS Office 21/Windows 11/15.6"" (39.6cm)/Silver/1.69 kg) fy5011TU Laptop  ",4.1,"37,490","48,988"
401,Dell Inspiron 3530 Laptop,3.5,"55,990","72,589"
402,Dell Inspiron 5430 13th Gen Laptop,3.8,"64,490","78,262"
403,HP Pavilion 14,4.1,"61,990","73,688"
404,Acer Aspire Lite 12th Gen Intel Core i7-1255U Premium Metal Laptop (Windows 11 Home/16 GB RAM/512 GB SSD) AL15-52,3.7,"48,990","80,990"
405,Dell 15 Thin & Light Laptop,3.5,"43,990","62,002"
406,Acer Nitro V Gaming Laptop AMD Ryzen 7-7735HS with RTX 3050 6 GB Graphics (16 GB DDR5/512GB SSD/Windows 11 Home/Wi-Fi 6/144Hz) ANV15-41,5.0,"65,990","89,999"
407,ASUS Vivobook 16,3.8,"36,990","55,990"
408,ASUS TUF Gaming A15,4.1,"66,890","80,990"
409,HONOR MagicBook X16 (2024),4.0,"39,990","77,999"
410,HONOR MagicBook X14 Pro 2024,4.1,"47,990","80,999"
411,Acer Nitro V Gaming Laptop 13th Gen Intel Core i5-13420H with RTX 4050 Graphics 6GB VRAM,4.0,"78,990","92,999"
412,Dell G15-5530 Gaming Laptop,4.0,"74,990","1,03,436"
413,Primebook S 4G,4.5,"14,990","24,490"
414,Lenovo IdeaPad 3 12th Gen Intel Core i3-1215U 14 Inch (35.5cm) FHD Thin & Light Laptop (8GB/512GB SSD/Win 11/Office 2021/Backlit KB/1Yr ADP Free/3months Game Pass/Arctic Grey/1.43Kg),4.0,"34,990","55,190"
415,"Lenovo [Smart Choice Ideapad Gaming 3 Laptop AMD Ryzen 5 5500H 15.6"" (39.62Cm) Fhd IPS 300Nits 144Hz (8Gb/512Gb Ssd/Win11/Nvidia RTX 2050 4Gb/Alexa/3 Month Game Pass/Shadow Black/2.32Kg)",4.1,"45,990","77,990"
416,HP Laptop 15,4.0,"39,999","52,055"
417,Dell {Smartchoice} G15-5530 Core i5-13450HX| NVIDIA RTX 3050,4.0,"72,990","1,05,398"
418,Lenovo V14 G3 (2024),,"44,490","95,990"
419,"HP 15s Ryzen 5 (8GB RAM/512GB SSD/FHD/Windows 11/ MS Office/Backlit Keyboard/15.6""(39.6cm)/Silver/1.69 kg) eq2144AU Laptop  ",4.1,"36,990","60,959"
420,"Lenovo V14 G3 Laptop (Intel Core i5/ 12th Gen/ 8GB RAM/ 512GB SSD/DOS/ 14"" Inch)",2.8,"35,690","99,999"
421,"Acer [Smartchoice] Aspire Lite AMD Ryzen 7 5700U Premium Thin and Light Laptop (Windows 11 Home/16 GB RAM/512 GB SSD/MSO) AL15-41 with 39.62 cm (15.6"") Full HD Display",3.9,"38,990","72,990"
422,Dell Inspiron 3520 Laptop,3.7,"44,990","62,507"
423,HP Laptop 15,4.1,"35,490","49,691"
424,HP Victus Gaming Laptop,3.4,"67,990","84,838"
